Actual,Predicted
Enrolled,Graduate
Enrolled,Graduate
Enrolled,Graduate
Enrolled,Dropout
Dropout,Enrolled
Enrolled,Graduate
Enrolled,Graduate
Enrolled,Dropout
Dropout,Enrolled
Dropout,Graduate
Graduate,Dropout
Enrolled,Dropout
Graduate,Enrolled
Dropout,Enrolled
Enrolled,Dropout
Graduate,Enrolled
Graduate,Enrolled
Enrolled,Graduate
Enrolled,Graduate
Dropout,Graduate
Dropout,Graduate
Enrolled,Graduate
Dropout,Graduate
Graduate,Enrolled
Enrolled,Graduate
Enrolled,Graduate
Enrolled,Graduate
Dropout,Graduate
Graduate,Dropout
Enrolled,Dropout
Dropout,Graduate
Graduate,Dropout
Dropout,Enrolled
Dropout,Enrolled
Dropout,Graduate
Enrolled,Graduate
Enrolled,Graduate
Enrolled,Graduate
Graduate,Enrolled
Dropout,Enrolled
Dropout,Graduate
Enrolled,Dropout
Dropout,Enrolled
Enrolled,Graduate
Graduate,Enrolled
Enrolled,Dropout
Enrolled,Dropout
Enrolled,Dropout
Enrolled,Graduate
Dropout,Graduate
Enrolled,Dropout
Graduate,Dropout
Enrolled,Graduate
Dropout,Enrolled
Dropout,Enrolled
Dropout,Graduate
Enrolled,Graduate
Enrolled,Graduate
Graduate,Dropout
Graduate,Enrolled
Enrolled,Dropout
Enrolled,Dropout
Enrolled,Graduate
Dropout,Graduate
Graduate,Enrolled
Dropout,Graduate
Enrolled,Graduate
Enrolled,Graduate
Enrolled,Graduate
Enrolled,Graduate
Dropout,Graduate
Dropout,Enrolled
Graduate,Dropout
Dropout,Enrolled
Enrolled,Graduate
Enrolled,Graduate
Enrolled,Graduate
Graduate,Enrolled
Enrolled,Graduate
Enrolled,Graduate
Enrolled,Graduate
Dropout,Graduate
Dropout,Graduate
Dropout,Enrolled
Graduate,Enrolled
Enrolled,Graduate
Enrolled,Dropout
Graduate,Enrolled
Enrolled,Graduate
Graduate,Enrolled
Enrolled,Graduate
Dropout,Graduate
Enrolled,Dropout
Enrolled,Graduate
Enrolled,Dropout
Dropout,Enrolled
Enrolled,Graduate
Enrolled,Dropout
Dropout,Graduate
Dropout,Enrolled
Dropout,Enrolled
Enrolled,Graduate
Graduate,Dropout
Dropout,Enrolled
Dropout,Graduate
Graduate,Dropout
Dropout,Enrolled
Graduate,Enrolled
Dropout,Graduate
Enrolled,Graduate
Dropout,Graduate
Dropout,Enrolled
Enrolled,Graduate
Enrolled,Graduate
Enrolled,Graduate
Graduate,Dropout
Graduate,Enrolled
Graduate,Enrolled
Graduate,Dropout
Enrolled,Graduate
Dropout,Enrolled
Graduate,Enrolled
Dropout,Graduate
Enrolled,Graduate
Dropout,Graduate
Enrolled,Dropout
Enrolled,Graduate
Dropout,Enrolled
Dropout,Graduate
Enrolled,Dropout
Enrolled,Graduate
Dropout,Enrolled
Dropout,Graduate
Enrolled,Dropout
Graduate,Dropout
Dropout,Graduate
Enrolled,Graduate
Enrolled,Dropout
Enrolled,Graduate
Enrolled,Graduate
Dropout,Graduate
Graduate,Dropout
Enrolled,Dropout
Enrolled,Graduate
Enrolled,Dropout
Graduate,Enrolled
Enrolled,Graduate
Enrolled,Graduate
Graduate,Dropout
Enrolled,Graduate
Graduate,Dropout
Graduate,Enrolled
Dropout,Graduate
Graduate,Enrolled
Graduate,Enrolled
Enrolled,Graduate
Enrolled,Graduate
Dropout,Enrolled
Enrolled,Graduate
Dropout,Enrolled
Enrolled,Dropout
Enrolled,Dropout
Enrolled,Dropout
Enrolled,Graduate
Enrolled,Graduate
Enrolled,Graduate
Dropout,Graduate
Dropout,Enrolled
Dropout,Enrolled
Graduate,Dropout
Enrolled,Graduate
Dropout,Enrolled
Dropout,Graduate
Enrolled,Graduate
Graduate,Dropout
Enrolled,Dropout
Enrolled,Graduate
Dropout,Graduate
Dropout,Enrolled
Dropout,Graduate
Enrolled,Dropout
Graduate,Dropout
Dropout,Graduate
Enrolled,Dropout
Dropout,Graduate
Enrolled,Dropout
Enrolled,Dropout
Graduate,Enrolled
Dropout,Graduate
Enrolled,Dropout
Enrolled,Graduate
Enrolled,Graduate
Enrolled,Graduate
Graduate,Dropout
Enrolled,Dropout
Graduate,Enrolled
Enrolled,Graduate
Enrolled,Graduate
Enrolled,Dropout
Graduate,Enrolled
Enrolled,Graduate
Enrolled,Graduate
Enrolled,Dropout
Dropout,Graduate
Graduate,Dropout
Dropout,Graduate
Enrolled,Graduate
Dropout,Enrolled
Enrolled,Dropout
Enrolled,Dropout
Dropout,Graduate
Dropout,Graduate
Enrolled,Graduate
Dropout,Enrolled
Dropout,Graduate
Enrolled,Dropout
Graduate,Enrolled
Dropout,Enrolled
Enrolled,Graduate
Enrolled,Graduate
Enrolled,Dropout
Graduate,Enrolled
Enrolled,Graduate
Graduate,Enrolled
Graduate,Enrolled
Enrolled,Graduate
Graduate,Dropout
Dropout,Enrolled
Dropout,Graduate
Enrolled,Graduate
